All ntds,data1,data2,data3,data4,data5,data6,data7,data8,data9,data10,data11,data12,data13,data14,data15,data16,data17,data18,data19,data20,data21,data22,data23
NCP-apo,0.092287005,0.073870957,0.080499845,0.111616315,0.076165222,0.088402769,0.073371189,,,,0.059413635,,,0.041939243,,,,0.02492582,,,,,
NCP-ADP,,,,,,,,,,,,0.044328778,,0.065184837,,,,,,,,,
NCP-AMPPNP,,,,,,,,0.070902542,,,,0.043164115,,0.078554552,0.329106686,,,,,0.060623379,0.025878722,0.110070131,
NCP-ADP-BeF3,,,,,,,,,,,,,,,0.104859672,,,0.146251085,,0.092058513,0.019868379,,0.051600099
120Bwt-apo,0.042519421,0.039844334,,0.031485802,,0.049433556,,,,,0.005925583,,,0.0183584,,,,,,,,,
120Bwt-ADP,0.036835551,0.049299096,,0.037629187,,0.04063572,,,,,0.033708434,,,0.023170861,,,,,,,,,
120Bwt-AMPPNP,0.103658007,0.073550567,,0.089230934,0.114411433,0.120639523,0.116119259,0.094680999,0.09709957,,0.095322361,,,0.086330629,0.093080953,,,0.113502426,,,,,
120Bwt-ADP-BeF3,0.656081952,0.703433675,,0.68127936,,0.645718028,,,,,0.757470378,,,0.946789138,0.870545298,,,0.551874582,,,,,
SAIL-apo,0.031409657,0.056820448,,0.061151699,,,,,,,,,,,,,,,,,,,
SAIL-ADP,0.067601347,0.046145817,,0.057308776,,,,,,,,,,,,,,,,,,,
SAIL-AMPPNP,0.429947149,0.414031375,,0.442127887,0.421275069,,,0.388482287,0.430840548,,,,,,,,,,,,,,
SAIL-ADP-BeF3,0.71439749,0.727187869,,0.541393057,,,,,,,,,,,,,,,,,,,
M652Q-apo,0.026440505,0.058210901,,0.032942446,,,,,,,,,,,,,,,,,,,
M652Q-ADP,0.037240622,0.041380161,,0.042211275,,,,,,,,,,,,,,,,,,,
M652Q-AMPPNP,0.155371203,0.134877606,,0.144163786,0.138093254,,,,,,,,,,,,,,,,,,
M652Q-ADP-BeF3,0.753387744,0.644275692,,0.798409611,,,,,,,,,,,,,,,,,,,
SAIL-Lobe2-apo,0.054639951,0.050626884,,0.06636061,,,,,,,,,,,,,,,,,,,
SAIL-Lobe2-ADP,0.045530309,0.061729352,,0.052820753,,,,,,,,,,,,,,,,,,,
SAIL-Lobe2-AMPPNP,0.268763459,0.264965391,,0.305958408,0.299912617,,,0.276572907,,,,,,,,,,,,,,,
SAIL-Lobe2-ADP-BeF3,0.782439831,0.787850015,,0.745183309,,,,,,,,,,,,,,,,,,,
F917N/L918N/F921N-apo,,,,0.060957867,0.070813378,0.039560711,,,,,,,,,,,,,,,,,
F917N/L918N/F921N-ADP,,,,0.032736743,0.059985072,0.046199056,,,,,,,,,,,,,,,,,
F917N/L918N/F921N-AMPPNP,,,,0.27789826,0.290782227,0.231248906,,0.259359888,,,,,,,,,,,,,,,
F917N/L918N/F921N-ADP-BeF3,,,,0.719611516,0.733916193,0.77259188,,,,,,,,,,,,,,,,,
W932A-apo,,,,0.045804642,0.051100105,0.04483819,,,,,,,,,,,,,,,,,
W932A-ADP,,,,0.044860929,0.055183412,0.054457689,,,,,,,,,,,,,,,,,
W932A-AMPPNP,,,,0.315836649,0.314212961,0.311949482,,0.299214253,,,,,,,,,,,,,,,
W932A-ADP-BeF3,,,,0.823737181,0.742886496,0.851757235,,,,,,,,,,,,,,,,,
L865N-L869N-AMPPNP,,,,,,,,,,,,,,,,,,,,0.368747053,0.418374706,,
876-881-apo,,,,,,0.043246792,,,,,,,,,,,,,,,,,
876-881-ADP,,,,,,0.026522665,,,,,,,,,,,,,,,,,
876-881-AMPPNP,,,,,,0.228723277,,0.215557777,0.194199906,,,,,,,,,,,,,,
876-881-ADP-BeF3,,,,,,0.753755473,,,,,,,,,,,,,,0.883385923,0.842471091,,
F877N-AMPPNP,,,,,,,,,,,,,,,,,,,,0.292738821,0.301195251,,
F877N-ADP-BeF3,,,,,,,,,,,,,,,,,,,,0.866237385,0.913705502,,
884-889-apo,,,,,,0.051607779,,0.047089291,,,,,,,,,,,,,,,
884-889-ADP,,,,,,0.049695106,,0.034235299,,,,,,,,,,,,,,,
884-889-AMPPNP,,,,,,0.069813235,0.064305604,0.069612937,0.088356493,0.056638199,,,,,,,,,,,,,
884-889-ADP-BeF3,,,,,,0.71656302,,0.66768812,,,,,,,,,,,,,,,
L886N/L889N/L891N-apo,,,,,,,,0.036317802,,,,,,,,,,,,,,,
L886N/L889N/L891N-ADP,,,,,,0.040644727,,0.028510331,,,,,,,,,,,,,,,
L886N/L889N/L891N-AMPPNP,,,,,,0.093249709,0.081712376,0.077237113,0.074658069,0.079702002,,,,,,,,,,,,,
L886N/L889N/L891N-ADP-BeF3,,,,,,0.7997388,,0.77718814,,,,,,,,,,,,0.833804173,0.819645901,,
Lobe2-apo,,,,,,0.045288523,,,0.00171259,,,,,,,,,,,,,,
Lobe2-ADP,,,,,,0.031378753,,,0.022425844,,,,,,,,,,,,,,
Lobe2-AMPPNP,,,,,,0.125935799,0.141832681,0.097235998,0.094994101,,,,,,,,,,,,,,
Lobe2-ADP-BeF3,,,,,,0.758808338,,,0.528316813,,,,,,,,,,,,,,
I843N-apo,,,,,,0.091240531,,,0.090846071,0.094297402,,,,,,,,,,,,,
I843N-ADP,,,,,,0.100235362,,,0.119527447,0.10096028,,,,,,,,,,,,,
I843N-AMPPNP,,,,,,0.592326726,,0.585648535,0.601265366,0.601072114,,,,,,,,,,,,,
I843N-ADP-BeF3,,,,,,0.887884001,,,0.732604005,0.768328188,,,,,,,,,,,,,
L865N-L869N-AMPPNP,,,,,,,,0.430869795,0.348658536,,,,,,,,,,,,,,
I583N-apo,,,,,,,,,,,0.007822382,,,0.044633331,,,,,,,,,
I583N-ADP,,,,,,,,,,,0.028094987,,,0.048707682,,,,,,,,,
I583N-AMPPNP,,,,,,,,,,,0.375637087,,,0.386106621,0.355766004,,,0.410556529,,,,,
I583N-ADP-BeF3,,,,,,,,,,,0.775387512,,,0.476967828,0.811669329,,,0.545581645,,0.832592161,0.878727325,,
I838N-apo,,,,,,,,,,,,0.021838218,,0.033664568,,,,,,,,,
I838N-ADP,,,,,,,,,,,,0.017098727,,0.044210164,,,,,,,,,
I838N-AMPPNP,,,,,,,,,,,,0.479566222,,0.50692469,0.506173666,,,0.511233248,,,,,
I838N-ADP-BeF3,,,,,,,,,,,,0.760255114,,0.910729025,0.592711154,,,0.466733135,,,,,
Y841A-apo,,,,,,,,,,,,0.013128549,,,,,,,0.014377019,,,,
Y841A-ADP,,,,,,,,,,,,0.012821637,,,,,,,0.019214088,,,,
Y841A-AMPPNP,,,,,,,,,,,,0.092895764,,,0.106013043,,,0.053351082,0.131938878,0.126330439,0.106736855,,
Y841A-ADP-BeF3,,,,,,,,,,,,0.83984641,,,0.854757185,,,0.466434388,0.657054297,0.685442398,0.921365272,,
A842N-apo,,,,,,,,,,,,0.012565503,,,,,,,0.021485884,,,,
A842N-ADP,,,,,,,,,,,,0.018010259,,,,,,,0.019971939,,,,
A842N-AMPPNP,,,,,,,,,,,,0.200068469,,,0.186466004,,,0.079454885,0.164928646,,,,
A842N-ADP-BeF3,,,,,,,,,,,,0.910079785,,,0.629830621,,,,0.979787207,,,,
Y926N-apo,,,,,,,,,,,0.019391616,,,0.028713091,,,,,,,,,
Y926N-ADP,,,,,,,,,,,0.017245335,,,0.028431976,,,,,,,,,
Y926N-AMPPNP,,,,,,,,,,,0.353397376,,0.355148457,0.421854341,0.40699305,0.415120684,0.35863304,,,,,,
Y926N-ADP-BeF3,,,,,,,,,,,0.601893635,,,0.586554428,0.862130744,0.812291126,0.58430357,,,,,,
884-889-SAIL-apo,,,,,,,,,,,,0.032905021,,0.035023981,,,,,,,,,
884-889-SAIL-ADP,,,,,,,,,,,,0.019036374,,0.0479668,,,,,,,,,
884-889-SAIL-AMPPNP,,,,,,,,,,,,0.301371293,,0.324623924,,,,,,0.271340664,0.259227045,,
884-889-SAIL-ADP-BeF3,,,,,,,,,,,,0.709287061,,0.601082027,0.544000364,,,,,0.862283886,,,
884-889-I843N-apo,,,,,,,,,,,,0.032909571,,0.044076606,,,,,,,,,
884-889-I843N-ADP,,,,,,,,,,,,0.045242143,,0.080546174,,,,,,,,,
884-889-I843N-AMPPNP,,,,,,,,,,,,0.519113028,,0.533017308,,,,,,0.508205159,0.495491785,,
884-889-I843N-ADP-BeF3,,,,,,,,,,,,0.880330059,,0.831146841,0.569427863,,,,,0.83083307,,,
884-889-Y926N-apo,,,,,,,,,,,,0.012744012,,0.032168642,,,,,,,,,
884-889-Y926N-ADP,,,,,,,,,,,,0.016661668,,0.033429821,,,,,,,,,
884-889-Y926N-AMPPNP,,,,,,,,,,,,0.278467894,0.248800349,0.325844591,0.268808519,,,,,0.268361889,,,
884-889-Y926N-ADP-BeF3,,,,,,,,,,,,0.732939534,,0.605287544,0.595956335,,,,,0.809978948,,,
884-889-W932A-apo,,,,,,,,,,,,0.020343055,,0.03616737,,,,,,,,,
884-889-W932A-ADP,,,,,,,,,,,,0.015474365,,0.027557865,,,,,,,,,
884-889-W932A-AMPPNP,,,,,,,,,,,,0.113800892,,0.206370431,0.186145863,,,,,0.094865113,0.174048636,,
884-889-W932A-ADP-BeF3,,,,,,,,,,,,0.521741628,,0.473713923,0.574863383,,,,,,,,