twistdefectrandom2-entry,data1,data2,data3,data4,data5,data6,data7,data8,data9,data10,data11,data12,data13,data14,data15,data16,data17,data18,data19,data20,data21,data22,data23,data24
NCP-apo,0.06349206,0.13,0.01540832,0.169731259,0.135317997,0.153642384,0.154859967,0.12195122,0.193710692,0.186544343,0.197564276,0.176954733,,0.232432432,0.191176471,,0.134328358,,0.141666667,0.202072539,0.144329897,,0.197802198,0.183574879
NCP-ADP,0.13422819,0.14742015,0.200752823,0.153846154,,,0.122302158,0.148484848,0.149625935,0.154185022,0.137254902,0.155778894,,0.176706827,,,0.151079137,,0.158102767,0.153846154,0.191881919,,0.173144876,0.189119171
120Bwt-apo,0.58920403,0.60555556,0.613124388,0.608,,,0.601677149,0.598557692,0.586486486,0.594704684,0.595061728,0.592342342,,0.583756345,0.607142857,,0.617021277,,0.620155039,0.504166667,0.586956522,,,
120Bwt-ADP,0.53081348,0.5473251,0.552971576,0.534482759,,,0.543726236,0.537688442,0.544802867,0.530017153,0.540350877,0.537414966,,0.519379845,0.528455285,,0.561702128,,0.575107296,0.5,0.505882353,,,
SAIL-apo,0.21747573,0.21705426,0.198742138,0.218045113,,,0.230529595,0.246323529,0.24822695,0.23297491,,,,,,,,,,,,,,
SAIL-ADP,0.22580645,0.2506812,0.249702735,0.23857868,,,0.245098039,0.254901961,0.265822785,0.284263959,,,,,,,,,,,,,,
L865N/L869N-apo,,,,,,,0.22571429,0.23897059,0.24378109,0.24038462,,,,,,,,,,,,,,
L865N/L869N-ADP,,,,,,,0.24637681,0.2635468,0.25294118,0.27009646,,,,,,,,,,,,,,
876881-apo,0.36122449,0.34013605,0.32748538,0.341614907,,,,,,,,,,,,,,,,,,,,
876881-ADP,0.34364261,0.33898305,0.308823529,0.345381526,,,,,,,,,,,,,,,,,,,,
F877N-apo,,,,,,,0.29761905,0.30973451,0.31764706,0.32046332,,,,,,,,,,,,,,
F877N-ADP,,,,,,,0.24,0.2606383,0.25728155,0.2734375,,,,,,,,,,,,,,
M876N-apo,,,,,,,0.36498516,0.37037037,0.37662338,0.38170347,,,,,,,,,,,,,,
M876N-ADP,,,,,,,0.29891304,0.32307692,0.31658291,0.33125,,,,,,,,,,,,,,
SAIL-Lobe2-apo,,,,,0.326701571,0.317358892,0.366037736,0.35530086,0.345454545,0.365333333,,,,,,,,,,,,,,
SAIL-Lobe2-ADP,,,,,0.51314741,0.514893617,0.509933775,0.525025536,0.518309859,0.502715283,,,,,,,,,,,,,,
884-889-apo,,0.72772277,0.634441088,0.686695279,,,,,,,,,,,,,,,,,,,,
884-889-ADP,0.72808989,0.68199234,0.724351051,0.698337292,,,,,,,,,,,,,,,,,,,,
890-895-apo,0.65594855,0.645,0.676375405,0.662756598,,,,,,,,,,,,,,,,,,,,
890-895-ADP,0.72608696,0.73170732,0.715990453,0.699561404,,,,,,,,,,,,,,,,,,,,
L886N/L889N/L891N-apo,0.65594855,0.67169811,0.663841808,0.663043478,,,,,,,,,,,,,,,,,,,,
L886N/L889N/L891N-ADP,0.70588235,0.66239316,0.69047619,0.677053824,,,,,,,,,,,,,,,,,,,,
896-901-apo,0.68488746,,0.698039216,0.691568837,,,,,,,,,,,,,,,,,,,,
896-901-ADP,0.7253886,0.67682927,0.714652956,0.721787709,,,,,,,,,,,,,,,,,,,,
902-907-apo,0.65393795,0.66981132,0.687096774,0.659206511,,,,,,,,,,,,,,,,,,,,
902-907-ADP,0.69756098,0.68312757,0.694174757,0.699029126,,,,,,,,,,,,,,,,,,,,
F917N/L918N/F921N-apo,,,,,,,0.24525043,0.20454545,0.25268817,0.29157175,,,,,,,,,,,,,,
F917N/L918N/F921N-ADP,,,,,,,0.24363636,0.26376812,0.25431034,0.27113703,,,,,,,,,,,,,,
W932A-apo,,,,,,,0.255555556,0.310765816,0.296428571,0.321100917,,,,,,,,,,,,,,
W932A-ADP,,,,,,,0.208791209,0.275084555,0.253571429,0.263768116,,,,,,,,,,,,,,
M652Q-apo,,,,,,,,,,,0.587155963,0.576601671,,0.54964539,0.569579288,,,,,,,,,
M652Q-ADP,,,,,,,,,,,0.608923885,0.641025641,0.613793103,0.608355091,0.622881356,0.604026846,,,,,,,,
I843N-apo,,,,,,,,,,,0.145945946,0.167857143,,0.168539326,0.167701863,,,,,,,,,
I843N-ADP,,,,,,,,,,,0.168627451,0.138157895,,0.156862745,0.168067227,,,,,,,,,
I843N-High-apo,,,,,,,,,,,,,,0.176470588,0.164705882,,,,,,,,,
I843N-High-ADP,,,,,,,,,,,,,,0.165562914,0.174603175,,,,,,,,,
I583N-apo,,,,,,,,,,,,,,,,,0.189258312,,0.161290323,0.137931034,,0.190552442,0.111111111,
I583N-ADP,,,,,,,,,,,,,,,,,0.137254902,,0.173126615,0.156462585,,,0.15503876,
I838N-apo,,,,,,,,,,,,,,,,,0.176470588,,0.172413793,0.156862745,,0.185303514,,
I838N-ADP,,,,,,,,,,,,,,,,,0.188,,0.14084507,0.171641791,,,0.144578313,0.187134503
Y841A-apo,,,,,,,,,,,,,,,,,0.354014599,,0.316831683,0.310126582,,0.328976035,,
Y841A-ADP,,,,,,,,,,,,,,,,,0.272727273,,0.264367816,0.208333333,,0.259953162,,
A842N-apo,,,,,,,,,,,,,,,,,0.259259259,,0.269340974,0.266666667,,0.20754717,,
A842N-ADP,,,,,,,,,,,,,,,,,0.198156682,,0.208443272,0.1875,,0.201257862,,
Y926N-apo,,,,,,,,,,,,,,,,,0.173553719,0.186440678,0.147826087,0.166666667,0.155555556,,,
Y926N-ADP,,,,,,,,,,,,,,,,,0.152173913,0.156716418,0.182119205,0.142857143,0.13559322,,,
884-889-SAIL-apo,,,,,,,,,,,,,,,,,0.335616438,,0.489130435,0.277777778,0.334398296,,0.318471338,0.333333333
884-889-SAIL-ADP,,,,,,,,,,,,,,,,,0.475431607,,0.637583893,0.433333333,0.39245283,,0.455284553,0.459821429
884-889-I843N-apo,,,,,,,,,,,,,,,,,0.175182482,,0.167832168,0.201680672,0.21734104,,0.179775281,
884-889-I843N-ADP,,,,,,,,,,,,,,,,,0.151515152,,0.168367347,0.161616162,0.132253711,,0.142857143,
884-889-Y926N-apo,,,,,,,,,,,,,,,,,,,,0.283333333,0.340425532,,0.34375,0.359375
884-889-Y926N-ADP,,,,,,,,,,,,,,,,,,,,0.44,0.424124514,,0.444162437,0.426195426
884-889-W932A-apo,,,,,,,,,,,,,,,,,0.435406699,,0.346938776,0.453703704,0.470437018,,0.5,
884-889-W932A-ADP,,,,,,,,,,,,,,,,,0.637362637,,0.435714286,0.612903226,0.566308244,,0.622222222,
884-889-W932A-apo,,,,,,,,,,,,,,,,,0.435406699,,0.346938776,0.453703704,0.470437018,,0.5,
884-889-W932A-ADP,,,,,,,,,,,,,,,,,0.637362637,,0.435714286,0.612903226,0.566308244,,0.622222222,